{
	"head":
	{
		"name":"base_msg",
		"type":"RECORDTYPE"
	},
	"record":
	{
		"type":"MESSAGE",
		"subtype":"BASE_MSG",
		"struct_desc":
		{
			"elem_desc":
			[
				{"name":"message","type":"ESTRING"}
			]
		},
		"index":
		{
			"flag":"INDEX",
			"elemlist":"message"
		}
	}
}
{
	"head":
	{
		"name":"uuid_record",
		"type":"RECORDTYPE"
	},
	"record":
	{
		"type":"MESSAGE",
		"subtype":"UUID_RECORD",
		"struct_desc":
		{
			"elem_desc":
			[
				{"name":"uuid","type":"UUID"}
			]
		}
	}
}
{
	"head":
	{
		"name":"types",
		"type":"RECORDTYPE"
	},
	"record":
	{
		"type":"MESSAGE",
		"subtype":"TYPES",
		"struct_desc":
		{
			"elem_desc":
			[
				{"name":"type","type":"TYPE"},
				{"name":"subtype","type":"SUBTYPE","def":"type"}
			]
		}
	}
}
{
	"head":
	{
		"name":"message_ctrl_type",
		"type":"NAMELIST"
	},
	"record":
	{
		"elem_no":6,
		"elemlist":
		[
			"INIT=0x01",
			"START=0x02",
			"SLEEP=0x03",
			"RESUME=0x04",
			"STOP=0x05",
			"EXIT=0x06",
		]
	}
}
{
	"head":
	{
		"name":"ctrl_message",
		"type":"RECORDTYPE"
	},
	"record":
	{
		"type":"MESSAGE",
		"subtype":"CTRL",
		"struct_desc":
		{
			"elem_desc":
			[
				{"name":"ctrl","type":"ENUM","ref_name":"message_ctrl_type"},
				{"name":"name","type":"ESTRING"}
			]
		}
	}
}
