{
	"head":
	{
		"name":"msg_head",
		"type":"STRUCT"
	},
	"record":
	{
		"elem_no":17,
		"elem_desc":
		[
			{"name":"tag","type":"STRING","size":4},
			{"name":"version","type":"INT"},
			{"name":"sender_uuid","type":"UUID"},
			{"name":"receiver_uuid","type":"UUID"},
			{"name":"route","type":"STRING","size":32},
			{"name":"flow","type":"ENUM","ref_name":"message_flow_type"},
			{"name":"state","type":"ENUM","ref_name":"message_flow_type"},
			{"name":"flag","type":"FLAG","ref_name":"message_flag_type"},
			{"name":"ljump","type":"INT"},
			{"name":"rjump","type":"INT"},
			{"name":"record_type","type":"TYPE"},
			{"name":"record_subtype","type":"SUBTYPE","def":"record_type"},
			{"name":"record_num","type":"INT"},
			{"name":"record_size","type":"INT"},
			{"name":"expand_num","type":"INT"},
			{"name":"expand_size","type":"INT"},
			{"name":"msg_uuid","type":"UUID"}
		]
	}
}
{
	"head":
	{
		"name":"msg_expand",
		"type":"STRUCT"
	},
	"record":
	{
		"elem_desc":
		[
			{"name":"data_size","type":"INT","size":4},
			{"name":"type","type":"TYPE"},
			{"name":"subtype","type":"SUBTYPE","def":"type"},
			{"name":"BIN_DATA","type":"DEFINE","def":"data_size"},
		]
	}
}

{
	"head":
	{
		"name":"msg_expand_head",
		"type":"STRUCT"
	},
	"record":
	{
		"elem_desc":
		[
			{"name":"data_size","type":"INT","size":4},
			{"name":"type","type":"TYPE"},
			{"name":"subtype","type":"SUBTYPE","def":"type"},
		]
	}
}

{
	"head":
	{
		"name":"msg_head",
		"type":"RECORDTYPE",
	},
	"record":
	{
		"type":"MESSAGE",
		"subtype":"HEAD",
		"uuid":"msg_head",
		"index":
		{
			"flag":"INDEX",
			"elemlist":"sender_uuid,receiver_uuid,flow,state,flag,record_type,record_subtype"
		}
	}	
}
{
	"head":
	{
		"name":"msg_expand",
		"type":"RECORDTYPE",
	},
	"record":
	{
		"type":"MESSAGE",
		"subtype":"EXPAND",
		"uuid":"msg_expand",
		"index":
		{
			"flag":"INDEX",
			"elemlist":"data_size,type,subtype"
		}
	}	
}
{
	"head":
	{
		"name":"msg_expand_head",
		"type":"RECORDTYPE",
	},
	"record":
	{
		"type":"MESSAGE",
		"subtype":"EXPAND_HEAD",
		"uuid":"msg_expand_head",
		"index":
		{
			"flag":"INDEX",
			"elemlist":"data_size,type,subtype"
		}
	}	
}
