{
	"head":
	{
		"name":"message_subtypelist",
		"type":"SUBTYPELIST"
	},
	"record":
	{
		"type":"MESSAGE",
		"elem_no":9,
		"elemlist":
		[
			"HEAD=0x01",
			"EXPAND",
			"EXPAND_HEAD",
			"CONN_SYNI",
			"CONN_ACKI",
			"BASE_MSG",
			"UUID_RECORD",
			"CTRL",
			"TYPES"
		]
	}
}
{
	"head":
	{
		"name":"message_expand_subtypelist",
		"type":"SUBTYPELIST"
	},
	"record":
	{
		"type":"MSG_EXPAND",
		"elem_no":3,
		"elemlist":
		[
			"FLOW_TRACE=0x01",
			"ASPECT_POINT",
			"ROUTE_RECORD"
		]
	}
}
{
	"head":
	{
		"name":"tube_subtypelist",
		"type":"SUBTYPELIST"
	},
	"record":
	{
		"type":"DISPATCH",
		"elem_no":3,
		"elemlist":
		[
			"POLICY_HEAD=0x01",
			"MATCH_HEAD",
			"ROUTE_RULE"
		]
	}
}
{
	"head":
	{
		"name":"exmodule_subtypelist",
		"type":"SUBTYPELIST"
	},
	"record":
	{
		"type":"EXMODULE",
		"elem_no":1,
		"elemlist":
		[
			"LIB_PARA=0x01"
		]
	}
}
