{
	"head":
	{
		"name":"vTPM_wrappedkey",
		"type":"RECORDTYPE"
	},
	"record":
	{
		"type":"TESI_KEY_STRUCT",
		"subtype":"WRAPPED_KEY",
		"struct_desc":
		{
			"elem_desc":
			[
				{"name":"uuid","type":"UUID"},
				{"name":"vtpm_uuid","type":"UUID"},
				{"name":"issrkwrapped","type":"INT"},
				{"name":"iskeyverified","type":"INT"},
				{"name":"key_type","type":"INT"},
				{"name":"key_alg","type":"INT"},
				{"name":"key_size","type":"INT"},
				{"name":"binding_policy_uuid","type":"UUID"},
				{"name":"wrapkey_uuid","type":"UUID"},
				{"name":"pubkey_uuid","type":"UUID"},
				{"name":"keypass","type":"ESTRING"},
				{"name":"key_filename","type":"ESTRING"}
			]
		}
	}	
}
{
	"head":
	{
		"name":"vTPM_publickey",
		"type":"RECORDTYPE"
	},
	"record":
	{
		"type":"TESI_KEY_STRUCT",
		"subtype":"PUBLIC_KEY",
		"struct_desc":
		{
			"elem_desc":
			[
				{"name":"uuid","type":"UUID"},
				{"name":"vtpm_uuid","type":"UUID"},
				{"name":"ispubkey","type":"INT"},
				{"name":"iskeyverified","type":"INT"},
				{"name":"key_type","type":"INT"},
				{"name":"key_alg","type":"INT"},
				{"name":"key_size","type":"INT"},
				{"name":"binding_policy_uuid","type":"UUID"},
				{"name":"privatekey_uuid","type":"UUID"},
				{"name":"keypass","type":"ESTRING"},
				{"name":"key_filename","type":"ESTRING"}
			]
		}
	}	
}
{
	"head":
	{
		"name":"vTPM_key_certify_info",
		"type":"RECORDTYPE"
	},
	"record":
	{
		"type":"TESI_KEY_STRUCT",
		"subtype":"KEY_CERTIFY",
		"struct_desc":
		{
			"elem_desc":
			[
				{"name":"uuid","type":"UUID"},
				{"name":"keyuuid","type":"UUID"},
				{"name":"aikuuid","type":"UUID"},
				{"name":"keyusage","type":"TPM16"},
				{"name":"keyflags","type":"TPM16"},
				{"name":"authdatausage","type":"UCHAR"},
				{"name":"keydigestsize","type":"INT"},
				{"name":"pubkeydigest","type":"DEFINE","def":"keydigestsize"},
				{"name":"PCRinfosize","type":"INT"},
				{"name":"PCRinfos","type":"DEFINE","def":"PCRinfosize"},
				{"name":"keypass","type":"ESTRING"},
				{"name":"filename","type":"ESTRING"}
			]
		}
	}	
}
